rpm,terminal_state,passed,stop_reason,completed_cycles,integration_seconds,accepted_steps,rejected_steps,max_consecutive_rejections,minimum_step_deg,W_C_J_per_cycle,pmax_Pa,indicated_power_W,indicated_torque_Nm,worst_independent_balance,metrics_status,run_id,manifest_path,scientific_sha256,classification,wall_seconds
2500,PASS,True,convergencia: tres ciclos consecutivos,10,13.640000000596046,30342,197,5,0.00103756773501118,16.209291803030894,1306559.7675358364,675.3871584596205,2.5797889144713073,6.649575645223834e-06,accepted,20260917T151222-P0-e7c30e109458,artifacts/points/2500.json,789d808d5807fbec51ecb90f683670b7036be7449e2665393d445a9ca462eb33,MAIN_2T_DOMAIN,13.890999999828637
3000,PASS,True,convergencia: tres ciclos consecutivos,10,13.390999999828637,30050,191,6,0.0023481572446115706,16.49050751206088,1331530.846070603,824.525375603044,2.624545784638522,4.459656622212729e-06,accepted,20260917T151222-P0-e7c30e109458,artifacts/points/3000.json,025bd395996ebedc6997d95e5b420d9d8a4f8813d2851edfa8a0ebe1e1062662,MAIN_2T_DOMAIN,13.640999999828637
3500,PASS,True,convergencia: tres ciclos consecutivos,9,11.89100000075996,27168,119,5,0.0015409254640417203,16.41749289193312,1347664.4379893804,957.6870853627653,2.612925146927212,3.6432459218768503e-06,accepted,20260917T151222-P0-e7c30e109458,artifacts/points/3500.json,f0c4c889bd54f7470237f8c8146cb2dda7d0ecde3f7141f03cd44f96ceab2988,MAIN_2T_DOMAIN,12.156000000424683
4000,PASS,True,convergencia: tres ciclos consecutivos,9,12.171999999321997,27066,114,4,0.0027606373696471564,16.11260859816891,1359153.965620638,1074.1739065445943,2.5644013045035567,1.779008547660059e-06,accepted,20260917T151222-P0-e7c30e109458,artifacts/points/4000.json,ffbb915ea21247fb203735d9e65fbf5cbeeb44fc46460867a4b6ea64f3765bec,MAIN_2T_DOMAIN,12.421999999321997
4500,PASS,True,convergencia: tres ciclos consecutivos,10,13.531999999657273,29964,81,5,0.001115066035140444,15.712400982310108,1369800.5930456328,1178.430073673258,2.5007062841766055,3.2747041030405304e-06,accepted,20260917T151222-P0-e7c30e109458,artifacts/points/4500.json,1ad8533f0fb93e44d20be36594fcafddef8d1aa8a68e5cb220394028e91d32e7,MAIN_2T_DOMAIN,13.796999999321997
5000,PASS,True,convergencia: tres ciclos consecutivos,10,13.42200000025332,29856,38,4,0.0010109617564921791,15.309001494870492,1381589.028652405,1275.750124572541,2.436503261709854,3.043833075911701e-06,accepted,20260917T151222-P0-e7c30e109458,artifacts/points/5000.json,434a5ae4dd466091bf479a4b568f3ca7d98020e89e66276ebe2d46f518b439cd,MAIN_2T_DOMAIN,13.67200000025332
5500,PASS,True,convergencia: tres ciclos consecutivos,10,13.078000000678003,29678,33,4,0.0020511740086845975,14.897562775265742,1393801.6946566028,1365.6099210660263,2.3710207557053575,2.14514518388841e-06,accepted,20260917T151222-P0-e7c30e109458,artifacts/points/5500.json,5af78df620a04ec18780be026fbcceae0e3131cffd0fbf79f3363f90e1e5716d,MAIN_2T_DOMAIN,13.328000000678003
6000,PASS,True,convergencia: tres ciclos consecutivos,10,13.343999999575317,29748,45,4,0.0016269999457563245,14.490090829830388,1406261.0082809743,1449.0090829830388,2.30616958141805,2.8172916279376057e-06,accepted,20260917T151222-P0-e7c30e109458,artifacts/points/6000.json,4ded9cba315e0b4270aacc9240dcd8dbccf2a103f7bc5e92033d8d2ddeff9c13,MAIN_2T_DOMAIN,13.578999999910593
6500,PASS,True,convergencia: tres ciclos consecutivos,10,13.42200000025332,29680,43,5,0.0021925255927612852,14.091762307403433,1418753.993291467,1526.6075833020386,2.242773628099309,2.309016443114971e-06,accepted,20260917T151222-P0-e7c30e109458,artifacts/points/6500.json,f030bf6af785d40b2e85d1e42319a10faef3c52716155ff617d25bba7e34b15e,MAIN_2T_DOMAIN,13.703000000678003
7000,PASS,True,convergencia: tres ciclos consecutivos,11,14.640999999828637,32580,50,6,0.0010187619582211482,13.694361338937364,1430762.831056884,1597.6754895426925,2.1795252995784278,3.564298680750471e-06,accepted,20260917T151222-P0-e7c30e109458,artifacts/points/7000.json,79b2c8afe22931d99ae07d77d065d7c957fd5ce5bc49fed2f30f830329f79ede,MAIN_2T_DOMAIN,14.906999999657273
7500,PASS,True,convergencia: tres ciclos consecutivos,11,14.686999999918044,32578,45,6,0.0010083513447796122,13.318743438927806,1442753.6076693186,1664.8429298659757,2.1197438540781093,2.7512453214192483e-06,accepted,20260917T151222-P0-e7c30e109458,artifacts/points/7500.json,ba07eab42a5fb9a718fe17ddc3bf6ad016305ff3248e5780683694927f572d17,MAIN_2T_DOMAIN,14.936999999918044
8000,PASS,True,convergencia: tres ciclos consecutivos,11,14.75,32628,53,5,0.00170534547578427,12.954470894241018,1454294.858872145,1727.2627858988026,2.061768077958544,2.387531164461618e-06,accepted,20260917T151222-P0-e7c30e109458,artifacts/points/8000.json,397a4be83438839c184bea3ddf4ef0881bab26b5b64645b0ae6e5233b10720a4,MAIN_2T_DOMAIN,15.015999999828637
8500,PASS,True,convergencia: tres ciclos consecutivos,11,14.57799999974668,32606,63,4,0.002669800770263464,12.601364053670386,1465315.4546224088,1785.193240936638,2.005569378842166,2.280898362991258e-06,accepted,20260917T151222-P0-e7c30e109458,artifacts/points/8500.json,b5819528fb1ac51a7c8d95b18de66265cafae59fb240e930ffec421d5a380a4e,MAIN_2T_DOMAIN,14.82799999974668
9000,PASS,True,convergencia: tres ciclos consecutivos,11,14.79700000025332,32702,41,4,0.0028287563582125586,12.259160279603964,1475777.1466297295,1838.8740419405947,1.9511059566547928,3.7155756320396612e-06,accepted,20260917T151222-P0-e7c30e109458,artifacts/points/9000.json,15d65c7d5add8f8d5533285f2e63179e17eac47ef3c4869c97b77167e6d52a82,MAIN_2T_DOMAIN,15.04700000025332
9500,PASS,True,convergencia: tres ciclos consecutivos,12,16.20299999974668,35672,73,4,0.003016805708739412,11.921989024969548,1485463.1412905252,1887.6482622868452,1.8974434848112294,4.239728595800929e-06,accepted,20260917T151222-P0-e7c30e109458,artifacts/points/9500.json,127bc912b9eaa0284108a2ed0bc15cc4ed6fd9ecc187ae6909c859d5878039ad,MAIN_2T_DOMAIN,16.468999999575317
10000,PASS,True,convergencia: tres ciclos consecutivos,12,15.95299999974668,35768,77,5,0.0011510151369975574,11.6018096460419,1494822.8417467284,1933.6349410069834,1.846485353978801,3.259849923728112e-06,accepted,20260917T151222-P0-e7c30e109458,artifacts/points/10000.json,41c2a77755e281edda880a08f24d42de03640d2809df1cba4d7e15a6beed464c,MAIN_2T_DOMAIN,16.20299999974668
10500,PASS,True,convergencia: tres ciclos consecutivos,12,15.906000000424683,35672,73,5,0.0010027931348304264,11.291720331058588,1503641.2268106113,1976.0510579352529,1.7971331066992273,1.9560236762613803e-06,accepted,20260917T151222-P0-e7c30e109458,artifacts/points/10500.json,14bebaf4df973e930719f9988c110f55e9873532fe41474fc1067d7e9d2f402f,MAIN_2T_DOMAIN,16.140000000596046
11000,PASS,True,convergencia: tres ciclos consecutivos,12,16.140999999828637,35722,71,4,0.0014769653955255535,10.992612838326703,1511969.3754606529,2015.3123536932292,1.7495286707151245,3.1826825530142307e-06,accepted,20260917T151222-P0-e7c30e109458,artifacts/points/11000.json,cb9da57e6cbb56c06b23ca2d35a7b68cd11772c8b9454b94a40268a892b224b6,MAIN_2T_DOMAIN,16.390999999828637
11500,PASS,True,convergencia: tres ciclos consecutivos,12,16.014999999664724,35628,66,5,0.0029303229857760016,10.704889874967098,1519857.468746653,2051.7705593686937,1.703736138855395,2.417340179982345e-06,accepted,20260917T151222-P0-e7c30e109458,artifacts/points/11500.json,33ec064c2eddcdcadc1306f20bda40f5239a2772324149825081bff1a6ef5da1,MAIN_2T_DOMAIN,16.264999999664724
12000,PASS,True,convergencia: tres ciclos consecutivos,13,17.438000000081956,38590,67,5,0.00115532294876175,10.42662663094919,1527206.218010818,2085.325326189838,1.6594491680891588,2.898153460791298e-06,accepted,20260917T151222-P0-e7c30e109458,artifacts/points/12000.json,27a1e0cc96df136ed64e4b44e54a412fd8324b1793a11c4cf1abfda16a7eccb2,MAIN_2T_DOMAIN,17.735000000335276
12500,PASS,True,convergencia: tres ciclos consecutivos,13,17.438000000081956,38618,74,4,0.001864424644736573,10.161620554718588,1534304.005029457,2117.0042822330392,1.617272141107671,2.959849375663611e-06,accepted,20260917T151222-P0-e7c30e109458,artifacts/points/12500.json,2f9737e019e585bd031aa8d6d620c6b51141a1ada3e83b8ac6548d98ae353827,MAIN_2T_DOMAIN,17.688000000081956
13000,PASS,True,convergencia: tres ciclos consecutivos,13,17.593999999575317,38656,83,6,0.0016470417421032835,9.907220675362275,1541042.8267376453,2146.564479661826,1.5767831427861319,3.0046008314449106e-06,accepted,20260917T151222-P0-e7c30e109458,artifacts/points/13000.json,f8f3b57ff77c99df7145f891e780239686252e7f577b411be7a6116f8b0d47e5,MAIN_2T_DOMAIN,17.859000000171363
13500,PASS,True,convergencia: tres ciclos consecutivos,13,17.718999999575317,38708,80,6,0.0015473963594558882,9.66316342136289,1547458.7130708462,2174.2117698066504,1.5379402244146956,2.4834078061835478e-06,accepted,20260917T151222-P0-e7c30e109458,artifacts/points/13500.json,83348666e0b04ae4c6b7e0d89d760f6188240ea4ce6c21a34f8dbe6659300ef7,MAIN_2T_DOMAIN,17.95299999974668
14000,PASS,True,convergencia: tres ciclos consecutivos,13,17.718999999575317,38696,86,4,0.002723727451666491,9.429001287031667,1553564.3988659303,2200.1003003073893,1.500672163250933,2.8510919996595075e-06,accepted,20260917T151222-P0-e7c30e109458,artifacts/points/14000.json,0a5a08472a2103b919ae6e7f99d8a1515fe61b649da4bc94795a8051ae974012,MAIN_2T_DOMAIN,17.968999999575317
14500,PASS,True,convergencia: tres ciclos consecutivos,14,19.09400000050664,41542,76,7,0.0013420493273770262,9.204057858204854,1559282.6249442843,2224.313982399506,1.4648713046371056,4.247452568550571e-06,accepted,20260917T151222-P0-e7c30e109458,artifacts/points/14500.json,623d04e02665d1091c0f5a671c483fff93bb1622127a08e77db197b207db4e8a,MAIN_2T_DOMAIN,19.360000000335276
15000,PASS,True,convergencia: tres ciclos consecutivos,14,19.014999999664724,41694,81,4,0.001438810293620918,8.988658933891463,1564829.7782509343,2247.164733472866,1.4305895010959524,3.6119635280431395e-06,accepted,20260917T151222-P0-e7c30e109458,artifacts/points/15000.json,bcdce7d5e99d31c365d9f684a6102ad93ec623d53997d150578392363ac1a7d3,MAIN_2T_DOMAIN,19.264999999664724
16000,PASS,True,convergencia: tres ciclos consecutivos,14,19.109000000171363,41668,71,4,0.0013762967055299669,8.583612546445277,1575187.5931332307,2288.9633457187406,1.366124366352377,3.566972954011776e-06,accepted,20260917T151222-P0-e7c30e109458,artifacts/points/16000.json,c62bf66a708f95bb0b53d9deb2180a37c509f3de799f598a1a9e2bd08853a12e,EXPLORATORY_HIGH_RPM,19.375
18000,PASS,True,convergencia: tres ciclos consecutivos,15,20.453000000678003,44504,108,5,0.001115058701941507,7.865429364550295,1593238.1785060652,2359.6288093650883,1.2518219629083247,1.901819335135482e-06,accepted,20260917T151222-P0-e7c30e109458,artifacts/points/18000.json,2c95f84ab2b808f652f4120753b95ca47bd16b4ec1bbf5036825415fc40d138d,EXPLORATORY_HIGH_RPM,20.686999999918044
20000,PASS,True,convergencia: tres ciclos consecutivos,16,21.718999999575317,47488,79,5,0.0025929292200999043,7.250804274940973,1608441.414662841,2416.9347583136573,1.154001341748702,3.387251286496069e-06,accepted,20260917T151222-P0-e7c30e109458,artifacts/points/20000.json,82740ba7ad48b3d647abe3542c0f3fdc6d73850f83436c9810cf851334765ca1,EXPLORATORY_HIGH_RPM,22.014999999664724
